{"cameraMode":{"drawMode":0,"name":"Shaded","section":"Shading Mode"},"sceneLighting":false,"audioPlay":false,"sceneViewState":{"showFog":true,"showMaterialUpdate":false,"showSkybox":true,"showFlares":true,"showImageEffects":true,"showParticleSystems":true},"in2DMode":false,"pivot":{"x":0.8420976400375366,"y":5.753434181213379,"z":27.49609375},"rotation":{"x":0.2262682318687439,"y":0.11251877248287201,"z":-0.026322774589061738,"w":0.9671863317489624},"size":6.696428298950195,"orthographic":false}