{"cameraMode":{"drawMode":0,"name":"Shaded","section":"Shading Mode"},"sceneLighting":false,"audioPlay":false,"sceneViewState":{"showFog":true,"showMaterialUpdate":false,"showSkybox":true,"showFlares":true,"showImageEffects":true,"showParticleSystems":true},"in2DMode":false,"pivot":{"x":-0.1852860450744629,"y":2.2974350452423097,"z":1.0170269012451172},"rotation":{"x":0.028564415872097017,"y":0.3341030180454254,"z":-0.010129852220416069,"w":0.9420492053031921},"size":-3.182844400405884,"orthographic":false}